PCA1,PCA2,Class
-2.490395528372212,0.7065807053670776,-1
-1.5853740350012477,-0.6776881235297538,-1
-1.4799741026329878,0.030839121446891493,-1
-1.438806497499161,0.15916667352537806,-1
-1.035066647023008,1.0697308745286687,-1
-1.7083681973575136,-0.01989978045748758,-1
-1.1760131460576702,0.5049467072326327,-1
-1.7488308377568844,-0.29132580029281696,-1
-1.511234610022787,-1.0811043394653173,-1
-1.6535312801655233,0.5949701668838612,-1
-1.4198506478014605,-0.8918691859053012,-1
-2.400982815750355,1.2882140086406388,-1
-0.0606193205714427,-2.2774029326925955,-1
-1.053960965138141,0.3907085098752467,-1
-0.6039636319029564,1.6936748950157867,-1
-2.3500538636046335,-2.0430967939466487,-1
-3.0407195781140492,2.984527678735616,-1
-2.0965768537569316,-1.4748994370811457,-1
-0.4657463281395309,0.19233695425723524,-1
-0.08027318036860848,-0.609208603768477,-1
-1.777044901076745,-0.3395797411247968,-1
-1.312142444083893,-0.2614193565420765,-1
-1.867297613613307,2.209398203776548,-1
-0.23755168974800014,-1.609617092038922,1
-1.7509534238424451,0.7843039840937913,1
-1.6786920782654904,-0.38880728118138674,1
-2.5993172826331192,-0.867756607476616,1
-1.5986895346759704,-0.6008061894768431,1
-1.3205860282536452,-0.8553311039417316,1
-1.0340272228908123,0.8226982305422551,1
-2.3136629430418383,0.7643696966955787,1
-2.749596784534733,-0.33383905866083047,1
-2.572413506790892,1.6410224699508158,1
-1.0963677433755252,-0.8778008048231186,1
-2.023464863030999,-0.7055893701661018,1
-1.2322350042534858,-1.069251355052867,1
-2.558081837471108,0.3378096497774991,1
-0.6151635801724227,-0.13175422660297406,1
-2.373505255748216,-0.8950025956139729,1
-1.3276256817633707,-3.8472454901611512,1
-2.47854080577669,0.08828409585784976,1
-2.3218625896232976,0.7197994760605951,1
-2.683479059641366,-1.8014217464929758,1
-0.9905575037312132,-0.34038002601641015,1
-1.6083570092885433,-0.2823392609740331,1
-0.8914741183983367,-0.7077153661573333,1
-2.4258738839977236,-0.7742646245061481,1
-1.4374279612416556,-0.09037763794627374,1
-1.8468449955403143,0.42742621163884464,1
-2.0737478111042784,1.0953956627682808,1
-1.4774981457463607,-0.8129027271682245,1
-1.7876502339443134,-0.24102601353579214,1
-2.1882696238918036,-2.8497353332759428,1
-0.6523876379796337,-1.5322892202666105,1
-1.1415069699919995,0.2712757131864134,1
-0.7202040138415484,-0.8369907821685781,1
-0.3015180921855143,2.541577612080954,1
-2.500801349462359,-1.1897319306553724,1
-0.9252660730342205,-1.443677396818405,1
-2.2044050566978717,-1.337791774916624,1
-2.236413011941448,-1.9298764480073944,1
-1.8337226492762315,-0.7162979500543942,1
-0.354581630866049,2.5647221075947444,1
-2.4530592272655314,-2.173572537100552,1
-1.4753408062413913,-1.0675886513034158,1
-1.5090420080182838,-1.1391095082512297,1
-2.3801133961150254,0.19274851449220348,1
-2.5698813908672746,-0.5695681812475768,1
-2.0622493715234866,-1.652778501651452,1
-2.2271369623738226,-0.6457208383106494,1
-1.3408289539831695,-0.8162590533509353,1
-1.6059822952744274,-0.7580439127701569,1
-1.1611493060248088,-1.1380814909010564,1
-1.9018170587301761,0.7361623184190055,1
-1.9865325551066007,-0.005809754574543721,1
-2.7602192452742504,-1.4049121480358004,1
-0.05126575050500231,-0.3883689072419143,1
-1.2308893356729236,-0.5891656625501227,1
-2.3195689489999647,0.3173056179667826,1
-1.3164711699686469,-0.7860310327370419,1
1.64469255623554,-0.4435648457446915,1
-2.362189744974022,0.006635050427985219,1
-0.7155268844693738,-0.6724750790333369,1
-1.0944083792833708,-0.35280456570295365,1
-0.05032541410388171,-1.3149580467832573,1
-2.0632723224703895,-1.3218712273060471,1
-2.2245813239702232,0.6765896250636753,1
-3.427890941732731,-1.2301355508119731,1
-1.717208793409059,-1.1520290283067056,1
-1.7063934014549582,-1.3525139039012524,1
-1.18285168233554,-1.0013532681221995,1
-1.44801417981626,-0.19358235953154612,1
-0.3923542977501189,-1.039781331907996,1
-1.550517582733374,-0.4134077214154617,1
-1.623936413038217,-0.6041408757760136,1
-2.7130310183108604,-0.9405233660225993,1
-2.094737418021388,-2.317790409530897,1
-0.9919029341964458,-0.7002145838056791,1
-2.3293223651015897,-1.694772940758324,1
-1.9236631507300415,-1.386440021952127,1
-2.3846153143217386,0.08964539065784274,1
-0.7825402310870967,-0.8391417310517334,1
-1.9549781791098666,0.10600259894278741,1
-0.4759729410808333,-0.7804137496077436,1
-2.4405570365931246,-1.383037899389087,1
2.9123331271808692,-1.443728423645428,1
-2.312943497883353,-0.8539354565700685,1
-2.720491032617887,-0.5031774903625971,1
-1.260953181663552,1.1422704588184276,1
-1.1579238799300877,-1.1634633001956338,1
-1.4105402526925133,-0.44607759267994174,1
-1.3798146318702609,1.6819977688759398,1
-0.5858919178350188,-1.2603061326473906,1
-1.8485356286633372,-1.164070904571064,1
-1.4148322332265477,-0.6308845991444527,1
-2.339427370444698,-0.9820448919469535,1
-2.4891497311632507,-0.18825359314575787,1
-1.2973244339193368,-1.2412499189133441,1
-2.088179711510214,-0.6609293816898615,1
-1.4739461965076182,-2.4607968737378307,1
-1.5596980667409737,-0.0829995688492314,1
-1.6111365437217964,-0.9262796234531894,1
-1.6737886030830003,-0.8083297292486817,1
-2.6468474633694012,-0.8709662769148562,1
-2.905472607576467,-1.6408886518256998,1
-1.6507275813622417,-0.34404468411400957,1
-1.7879100373229968,-0.9635165560440552,1
-0.8019390342597469,-1.0050696488828874,1
-0.46726287696755675,-1.1227833800216194,1
-0.28674535098768794,0.05156829341041229,1
-1.8556245419987645,0.40636865141789147,1
-1.430381040507235,-0.10793769226023324,1
0.4383720613567398,0.4617575710316871,1
-2.242833658908359,0.3140993122418249,1
-2.272419930191124,-1.3530434926067583,1
-0.9028137014849958,-0.44478374961842504,1
-1.6343515961621906,-1.3728066626946676,1
-2.726619462188859,-1.4028816186023123,1
0.9544302233787297,-1.3823602794892575,1
-1.4516660039272635,0.3187058016636322,1
-1.2904787309570778,-0.592452716083954,1
-1.307397422217839,-1.2118835911684387,1
-2.091414025147445,-1.4475927095648908,1
-1.0601160346305893,-0.3248929080067956,1
-2.7487396704262506,-2.412438496370753,1
-1.2174278720844223,-0.43558729522098727,1
-2.4063710348725054,-1.8898351318365956,1
-2.2079207027366747,0.17161755285342414,1
-2.604170656734552,-1.2675024200783036,1
-2.5242182013685905,-1.3739635377622734,1
-1.1941318407280945,0.2184163609633912,1
-0.13992361260261604,-1.3581801942464757,1
-2.5279525265405383,1.5631021016929165,1
-2.5388669614077712,1.7027029478212596,1
-0.6902123522278577,-1.3419788757402493,1
-1.9613763314020565,-0.856989295560997,1
-0.40776959227794235,-1.4436238252956473,1
-0.03165949508950868,-0.598858397024881,1
-2.7692875689206127,1.9537599949961681,1
-0.7953756162149475,-1.1534661787121165,1
-2.139084076422707,-1.0939054404321142,1
-0.7827169973966039,-0.5505794237383448,1
-2.230296637167831,0.6756228101189172,1
-1.8077696166925974,-1.6296137385039473,1
-1.6450593019682864,-0.708168336727239,1
-1.1415047579375015,-1.4738128609204322,1
-1.5928179585167301,-0.5598618706773641,1
-2.177714669259661,-1.1745659213815887,1
-4.241041663287969,1.5831137008999951,1
-2.0957895358118535,0.17644662218905674,1
-0.764040934787488,0.3319960918022637,1
-2.24146948725315,-0.4654191036992007,1
-0.8350341373945117,-1.5843764491498256,1
-1.3206059405392017,-2.1376317118080634,1
-2.203524516458786,-1.3381560644110373,1
-2.7196195926254827,-1.598403828022102,1
-0.705036964698153,-0.8469270972859465,1
-2.136125034300854,2.7096514589476004,1
-1.2297097379746893,-1.4499100994853586,1
-1.5599243010272765,-1.7773898765582608,1
-2.175631060442334,1.158179628313896,1
-1.074286726536608,-1.2862523306681113,1
-3.197005668426125,-0.8836356736530974,1
-2.599519567824708,-1.4945845253595185,1
-1.2938044852404957,-1.288839402841289,1
-1.7715898345771077,-1.07612159040927,1
0.36296754333535347,-0.20573207601820756,1
-1.4401229731890623,-1.1694475445782928,1
-0.38935790557578404,0.3660866224396067,1
-2.322986643133151,-1.6715602722131326,1
-3.0678557649886193,0.6542753887937257,1
-0.4033654005197023,-1.1333062515354142,1
-2.183612866176354,-0.9240885379318838,1
-2.4451531015326853,-0.8618007475197661,1
-2.7840042105978533,1.8140629377234392,1
-2.5438165468809113,-2.557379059796863,1
-2.2446660562866136,-0.752047664684166,1
-3.073574929279101,-1.8237938293134752,1
-2.081683745670648,0.7393493287093684,1
-1.9177163333606921,-1.3687921769418196,1
-1.2183371338134499,0.09307862649881168,1
-1.755617633620445,-0.4382007524697666,1
-2.0746785357489186,-0.2873989864080104,1
-2.8646014118362695,0.8672549968786605,1
-1.7476024912943102,-0.2553691904190943,1
-1.829756142729222,-1.569742312466982,1
-2.929272308262664,-1.1112875711683443,1
-1.588840536048676,8.626355394906767,1
0.3656690186558343,-0.7155937385352736,1
-1.8824048608159516,0.34607995885222803,1
-2.459444902618302,1.7016768738001617,1
-2.2148040917146203,-1.1295631060691835,1
-0.6848437899700219,-1.49653001353022,1
0.9570336364021169,-0.7140147417987478,1
-1.5003291785271653,-1.2089931071437843,1
-2.0129345942635943,-0.8586616409050881,1
-2.4346982117416713,-1.3999030826898993,1
-0.3181731228141273,-0.9785541500030271,1
-2.0672705124375477,-0.5381353917007388,1
-2.2020114220609615,-0.34228457664880213,1
-2.5522131697810977,-0.7736764891012597,1
-2.01626988512707,-0.7279894376166066,1
-2.6691603365454863,-0.8887719492015611,1
-1.1564104135595838,0.4215183100783175,1
-2.6674096690116444,0.5974846319395843,1
-1.367973729927748,-1.2422768510958948,1
0.24658158859946025,-0.8907070237250807,1
-1.924422735778644,-0.5860351672207584,1
-2.126691756516096,-1.2832930042717319,1
-1.3641030994310717,-0.7901397183425134,1
-0.16658979893590561,1.7798550753169107,1
-2.937198965597714,-0.4779389291760909,1
-2.1489725917187092,-0.566160006091885,1
-2.2206394686059046,1.7937730424076035,1
-0.5559518236701222,-1.6570640836379826,1
-2.284581257759689,-1.6327738161418721,1
-1.4447641872622077,-1.1145670360688986,1
-1.4330742230893716,-1.064566572422311,1
-2.394887379312244,0.2582295595706895,1
-1.495699369733571,0.805417899912806,1
-0.45041974932334555,-0.8663263601583718,1
-2.2153411881096723,-1.3997845492864016,1
-2.491036448773845,-1.0858589253713076,1
-2.495223778168038,0.5797306522463783,1
-2.4176621217177767,-2.07044112011561,1
-1.4624001094664858,-1.2116868204831055,1
-2.1155123491743257,-1.6817704315443909,1
-2.2364770153535565,-1.4696513099030666,1
-2.3966970200028435,-0.3861380245022782,1
-0.9760882955725171,-0.7496042068941111,1
-1.1033495934004212,-1.0374657969276897,1
-1.715316991356652,-1.0173088356895184,1
-0.9540558392791337,1.3622277049216924,1
-2.3264922653250872,-0.8487411646466103,1
-2.4433791741717736,-1.1088505017515167,1
-2.6221861375188307,0.27629907873877313,1
-1.2919843506158304,-1.7512921143792395,1
-1.8925509023331024,-0.9610406055732612,1
-3.5258855913357747,-1.6456860416598889,1
-2.556585557050469,0.8422370459273761,1
1.1359049292388588,-1.86501777540521,1
-2.4550661383191734,-1.530982161043321,1
1.0328777619968597,-1.0613084716538423,1
-2.5028090597731483,-1.6417719451533224,1
-1.7421716124969167,-0.2767091030548832,1
-2.842884651394705,-1.9116170648428834,1
-1.4870108217461853,1.7152523638870405,1
-1.9428836485608347,0.17428071097325484,1
-2.0852290787666257,-0.09822716565042007,1
-0.38023186545312304,-0.32615461358473513,1
-1.9032370141448247,0.7609335835601634,1
-0.48358324649660217,-1.8933048336042793,1
-1.6216446959341693,-1.130890732439528,1
-1.7894134344439068,-1.1629929406083248,1
-2.990636695762602,-1.1497148674773199,1
-2.6377529710912304,-0.37314063025132477,1
-2.278347120715565,-0.8214383813018745,1
-0.23934132346312972,-1.4956972753371531,1
-1.100836926348965,1.2702741975137264,1
-3.479775107283002,3.10902615594561,1
-1.600244201265767,-1.4737057521368682,1
-2.0178265869172574,-0.6584853628341757,1
-2.9656600802317614,-1.171826890528435,1
-1.44986879133736,0.009740359845482436,1
-2.5615479658863274,-1.1861278557956727,1
-2.291916747894132,0.3086475207257314,1
-1.49712141759113,-1.55449864990199,1
-1.328771262657554,1.2899939304423704,1
0.03229947579286736,-1.4750632954015108,1
-1.9133542983971916,-0.4451760334729252,1
-1.4274243660491552,-0.23176315952151824,1
-1.2428542194635381,0.8960988083830044,1
-1.773588935933023,-1.2982452828084732,1
-1.2511566637110036,-0.7568219297876455,1
-2.1141363276998097,-1.3398096724726978,1
-0.44273813896339764,-1.7113616456579568,1
-1.6398323509276032,-0.8674973611327037,1
-1.597304157515277,-0.5073445881866478,1
-2.4096804465045545,1.1150036755667931,1
-0.8552944651168803,-1.1612441730634884,1
-1.8273242257717728,-1.6070125126525023,1
-2.6366418049808154,-0.3455149188904956,1
-0.9661348159943431,-0.8253667623511303,1
-1.9591470682298109,-1.1988363555999757,1
-1.9547667671620719,0.6053894915779837,1
-2.1754272895332685,-0.7138572601954287,1
-0.02019765095300113,-1.4553213092302202,1
-2.3961751875869366,-1.8369161752694119,1
-1.607288167085763,-0.45735028043237896,1
-2.262196366172186,-1.0349888260382558,1
-4.408163691354869,13.005374189850313,1
-0.8246469899625893,-0.8357557297791864,1
-0.35559048852623193,-1.3419891666956827,1
-2.285885404260186,-1.414771362300459,1
-2.6148558194137212,1.0683585310256891,1
-1.8933528833468656,-0.6071101779861751,1
-1.6288887054198873,-1.298626569884099,1
-2.231057950951711,-0.5987168109901323,1
-1.5559667801385288,-0.1553386926735672,1
0.7457848710424909,-1.2612916304510076,1
-0.9997624481763165,1.0278984749487525,1
-1.3304500870827551,-1.0721081321732047,1
-2.577487666984775,-1.0282416678896593,1
-1.8669781372590926,0.22605384433034573,1
-0.667417512224451,-0.9934771707617366,1
-3.050530844396993,-3.2787089252849917,1
-2.9979971529651603,-1.6689922102303583,1
-2.89185395074153,-1.5045719631053436,1
-1.1850311862482945,-0.40757771331274933,1
-1.2020421923307567,-1.447255336766628,1
-2.040932133726844,0.2816194385451596,1
-1.2911807273188647,-0.5790071811735468,1
-0.8232801920554507,-1.8682048893210055,1
-1.670487447955281,-1.1210932936481912,1
-2.451498285846634,-0.839734538761448,1
-1.473525190494133,-0.37099515442275854,1
-2.3346532677640317,-1.8863075501536808,1
-2.5450107769321964,-0.44598148618260874,1
-3.0985247261631934,-2.216882726331244,1
-1.9912774282663008,-0.9341874639212473,1
-1.465205951920499,-0.2846921843289942,1
-2.1526703060744246,-0.4698525810748518,1
-2.058794348570931,-1.0659616253943023,1
-0.32182087457942776,0.39472211920377037,1
-2.147156362397759,-1.8029168894089824,1
-2.524764221549709,-1.4085053591693162,1
-1.6823239455817565,-0.35055473487320427,1
-1.6594737175670011,-1.4675369481911646,1
-2.025494006005069,-0.311628167447566,1
-2.6341606814070153,-1.4674535188959088,1
-2.5168163349426855,-0.9700686996768849,1
-2.6553584351757915,2.473738625257776,1
-1.5897259287102958,-0.45174212844572653,1
-2.825237884151778,-1.9018921153767747,1
-2.7766210619097684,-1.30462136301426,1
-2.1419060507891357,-0.6651398556617311,1
-2.3692884924409703,-0.8457886369487236,1
-1.7573331443487115,-1.0247624253943737,1
-2.301945227249605,-1.392321516635891,1
-2.549885002582036,1.069388574160142,1
-2.443270626294795,-1.5099784101632294,1
-1.9314687633320051,-0.7487493134940261,1
-2.8354043921618715,-1.7766409961200238,1
-2.906195621822352,-1.620658788205246,1
-2.232868728690432,-3.1566692183807388,1
-2.8604168163753783,1.4050081188384178,1
-2.891651776239132,-1.1639600220743205,1
-2.223977496760646,-1.1381511595038742,1
-2.476209090233852,-1.1178152373011372,1
-2.927480051180296,0.5318422364228141,1
-1.185641689203497,-0.6685236449961184,1
-2.290185694232075,-0.3702635579923951,1
-2.7693059775718547,-1.4075444879426022,1
-1.6821359135324292,-0.36051977140058805,1
-1.5081390195453492,-0.6426487706973675,1
-2.6073007495178118,-1.202788430770463,1
-1.5251923740615883,-1.9571249153836507,1
-1.373311459648736,-0.7404887105853293,1
-2.3002281756134773,-1.0753388093394651,1
-3.0690072056126767,2.712192812355753,1
-2.3290528242326585,-1.1212013016211915,1
-2.1795159746583,-0.8486802415414142,1
-2.2459042021765616,-0.16385925722071767,1
-2.650011152398393,-1.0954821880055894,1
-1.889685929331971,-1.5520417885644415,1
-1.2244031963242132,-1.5578073652435762,1
-1.3877374447967394,0.07082564863324696,1
0.7206293100369584,-1.5839737573152604,1
-2.5700358336700027,-1.541875919932312,1
-2.944674169560193,-1.2783288370062855,1
-2.1419985289245216,-1.2161652304300234,1
-2.4394383893868414,-0.5749293096727564,1
-1.6040829456663088,0.021891211422233502,1
-1.2203139371206233,-1.4934341276233924,1
-2.379684104912664,-1.2833689644508226,1
-1.9159617474125674,-1.4908254048677239,1
-0.9224638010352866,-1.2364088461090044,1
-2.0093918563512654,-0.12948729787394206,1
-2.0118255927623374,-0.23610241458816628,1
-2.380193074754541,-1.2402208322267396,1
-2.4145265395728837,-0.5449789386021684,1
-1.3285322347000277,-0.38980806425874964,1
-1.309013370896807,-0.7986022351397167,1
-2.6490250818080945,-1.4308149129790042,1
-1.604018673154032,-1.1189585242211737,1
-2.0194014087239878,-2.3474709381210532,1
-1.0435015345191339,-0.8938938519573109,1
-1.3313901039105096,0.26175402218891947,1
-2.0918869451964412,-1.6900822222953151,1
-1.3283246710096772,-0.49694885391544963,1
-0.3254036984754125,-1.7165997494875993,1
-1.2239699216342748,0.8226417733525745,1
-1.9657489501733951,-1.5279785083410709,1
-0.9077068442580447,-0.03446814945267288,1
-1.2208366114339908,-0.6616586826286445,1
-1.0951969587774517,-0.5277926950644802,1
-1.1218056606629336,-0.3530144547490655,1
-0.016603219631084683,-1.7308341118096326,1
-1.844189613292008,-1.5987425653744294,1
-0.9940328725510349,-0.12615259121791447,1
-2.1519050821472576,-0.5917128143536087,1
-1.7903794645330406,-0.5711662800439756,1
-1.3510723528563078,-1.8606718188136795,1
-1.2316178506529067,0.6606394524888796,1
-2.0401490168846537,-3.0181145173790505,1
-0.1515430448133832,1.4107117078094644,1
-0.44423136129205154,0.9419111843605518,1
0.06697107100238826,-0.6815767072890367,1
-1.9820822312154476,1.1912805920938028,1
-1.8102663029680444,-1.1407331613062177,1
-1.5936480424168782,-0.07134408505623246,1
-1.9415363404083763,-1.4515987072970973,1
-2.0481752143406537,-1.2078699355015667,1
-2.239222105127282,-0.3640512970955372,1
-2.224151527569935,-0.4549132406167949,1
-1.5090506313055727,-1.532882013822582,1
-2.481127034293319,1.0778515210126494,1
-2.0215983405901508,-1.809964142295303,1
-2.482744540988398,-1.3368762577698945,1
-0.3913203596371128,-0.8654771819059802,1
-2.5722165449252175,-0.4300905460027209,1
-1.7050470678597602,-0.8873564679836982,1
-0.9924138737653452,-0.9079242027304129,1
-3.007323529313734,0.8930760948509069,1
-2.6455070598625983,-0.6233093288621746,1
-0.6474183983654492,-1.3731934261976706,1
-1.4251976504098485,0.3955889705157999,1
-1.2436094424389044,0.5784349486620464,1
-2.7262697248329006,-0.7360803861925581,1
-1.466525878995164,-1.7875074603483032,1
-1.8516394067719386,-2.4376104106162826,1
-0.41164629891058313,-0.5193823589378044,1
-2.468524253300752,-1.261124192933608,1
-1.956462556096178,-1.6198755278000718,1
-2.660336949463247,1.3428035892715506,1
-2.0782841837570483,-1.0028422359102278,1
-1.9002661116831674,-0.43248554038754444,1
-2.1282122664925707,-1.4796784231664355,1
-0.858478946664663,-0.39885457904769583,1
-2.5347466037757065,-0.8472458883580489,1
-2.1514471666511295,0.9486693743057741,1
-2.3700571216637467,-1.9369392804850352,1
1.4273038840863914,0.9892803177773626,1
1.8103444620827245,0.8932470787522815,1
-2.9321363735243278,-0.8517259164044706,1
-2.0230901455469534,0.03514154010909366,1
-1.8470546016602276,0.3458789616924619,1
-2.172060799659397,-1.022455004287917,1
-1.9330454429522277,-0.24051584682700874,1
-2.04851482332315,1.199844794953092,1
-2.5513410377461496,-1.6164856014394686,1
-1.411187287001663,-1.466430876520646,1
-2.4166308389344744,-1.3394501218649197,1
-2.1783268867629784,-1.6340350279482159,1
-3.7735495990561008,-5.7677865930626675,1
-0.7362383053860111,-0.4644740139791966,1
-1.3574965359824476,-0.9051221904665959,1
-2.463413423276707,1.7110837779927404,1
-1.61548470935146,-0.9479072911834413,1
-1.338302862804097,-0.8381373017735546,1
-1.5979278679650495,-0.8168890830502584,1
-1.903111441420454,-1.0349014467126871,1
-1.754151903953441,0.07104866620179563,1
-1.2147078238802655,-2.6837625167914676,1
-2.002659528734432,-0.8521602674216194,1
-2.20990779645619,0.16323718154028205,1
-0.9535488130128017,0.04826782818503802,1
-1.8750900672764172,-1.146161920644277,1
-2.1828753602898208,-1.232971853661246,1
-0.6333194182509662,0.14403522701438234,1
-2.4047356871403003,-0.49613293759885907,1
-2.151734527667062,-0.23329748383400456,1
0.4999707704854553,-0.7595251710029044,1
-2.161981025525637,-0.14130900114655193,1
-2.53695065131499,3.742475382667164,1
-2.571202017799439,-0.1749236695322072,1
-2.11402355104238,0.4257984518021975,1
-1.3462308002742613,0.78030223876114,1
-1.0354038462060144,-2.11549878080971,1
-2.3372684973954536,1.4003980802157399,1
-0.9113570404365031,-0.4303195006278809,1
-2.5109789976746737,-1.1794512778280255,1
-1.2892322034690902,-0.8814618782278366,1
-1.3744976269177,-1.3204093049516517,1
-2.176209143769684,-1.0611766500755357,1
-1.2651092885172965,-1.2972736078423732,1
-1.338862687359575,-1.316018458216908,1
-2.6111295685055103,-1.0820800114324007,1
-2.6128226810264423,-1.194006141310384,1
-2.47931241376235,-0.42618719738977257,1
-0.4833839353856011,-0.4503757641490082,1
-1.6697896216676416,-0.939771171374714,1
-1.499588493068623,-1.715048679535828,1
-2.263004740640182,-0.6484844116016001,1
-2.038690575514251,-0.836744223736352,1
-1.7588015582600236,-0.47644122972960545,1
-2.3205476773163087,0.115611723618133,1
-2.049921072704061,1.3049981846392489,1
-2.62337652025025,1.3061883150507045,1
-2.106271174036653,-0.11209544446226265,1
-3.349204127906607,0.11692034457860676,1
-1.9308535408749214,0.44918493975494583,1
-3.3926003049068894,0.0541405697140902,1
-1.8840788495564724,-0.4587228434863715,1
0.8195487613135684,1.91419097513025,1
-2.226296424460336,0.5477169463075049,1
-1.5295955865245208,2.09337880302378,1
-2.424192636151683,2.542796967302496,1
-2.003544313402532,-0.7805348910869415,1
-1.4176347041298916,-0.14309869289927749,1
-2.1822913979777603,0.8815515208948139,1
-2.1822913979777603,0.8815515208948139,1
-1.8032232609652898,-0.9248069380908984,1
-2.2020520926522136,-1.779026431852868,1
-1.878976864478915,-0.5188900297287459,1
-1.3515217125163073,-1.4373391744727342,1
-2.742202476446157,-1.3070605159161,1
-2.8265151486825246,-0.5587961439167239,1
-2.601376453537817,-1.886378072796366,1
-1.9897669658011392,0.48686355662381875,1
-1.828000813528322,-1.2020645647500439,1
-0.7854943647188929,-0.589073291068558,1
0.09965381559688252,-0.49438810035671815,1
-2.225719884593555,-0.3931930466016568,1
-1.3389240950215566,0.10214414891601313,1
-1.342462867358281,-0.5243298517912256,1
-0.8068966718461794,-2.067384380022533,1
-1.7934266454399008,-1.24492419225835,1
-2.5038450574163043,-1.4814954741119644,1
-2.212636561492377,0.022839013561513098,1
-2.456986956684091,-0.3572305288103038,1
-2.3824221268573176,-0.5606475059616688,1
-1.3507503439854343,-3.740635827504073,1
-0.8636359294420539,0.4834164187589505,1
-0.5453367932089707,-0.9267301802673068,1
-2.755212312598931,-0.5225556336900324,1
-2.3620143772512763,-0.20453929314097044,1
-1.8311270110322393,-1.2908584060158772,1
-2.4396385137194567,-2.212710186322984,1
-2.208208045797997,-0.6211267403976414,1
-2.344596159736002,-1.2548953040695492,1
-1.3356298078857356,-1.8347227314273207,1
-1.1672909415551,-0.7346387818535228,1
-2.3066394735304074,-0.13413504962008868,1
-2.9774783992445513,-0.07628640800307984,1
-1.9986834888234306,-0.6288817282270514,1
-2.1967800057230873,-1.165380839793044,1
-1.5768594735483057,-0.26733950454575045,1
-3.0170016586800177,-1.645046294710866,1
-1.2928599942966286,-0.21327915662178476,1
-0.6491797495226566,-1.6959013439968398,1
-0.18993232080588765,-0.3377658091299431,1
-1.4782184622538541,-1.360322082257535,1
-2.2633968041738304,-2.3511331699524365,1
-1.7491184569325486,-1.150536882513927,1
-2.5612382060983365,-1.7171911165069438,1
-2.409886759112672,-1.1989492719156967,1
-1.224041417152125,-1.8838001990185387,1
-2.498552099427178,0.15838899031169798,1
-1.6222747392002406,0.5795060222028563,1
-2.136013602206244,-1.0445057429441742,1
-2.8786044884926434,-1.0186764528035726,1
-1.5530452771983487,-1.2165092849863182,1
-1.115504803966812,-0.8774847463177881,1
-2.8244327788632613,-0.9763093025643005,1
-2.1383219161226807,-1.1188972869690827,1
-0.4245277762956499,2.4223829829149124,1
-2.4144767299803602,-1.5971220765971788,1
-3.123018945892727,-0.01537159309877413,1
-2.2330410777736027,-0.9724820545372523,1
-0.7841390768285688,-0.16563203976076912,1
-1.4198390631722286,-1.8070679257240505,1
-1.0978076695148102,-1.0771496835704397,1
-2.9266030579712066,-0.38690204178175563,1
-1.8285867671972704,-1.2138833988523219,1
-1.5388389333082961,-1.249018281126951,1
-1.675325562148441,-1.587755232602946,1
-2.1068081743129796,0.3960850491618713,1
-1.3052317935928925,0.02806234257916426,1
-1.248799525931904,-0.4856098891570241,1
-1.287377609574801,-0.6806780944835236,1
-0.7028535299712415,-0.46983777061873133,1
-2.393317233306919,-1.9119888336109567,1
-2.1741541565384526,1.4925844035118354,1
-1.6883713561463702,-1.9228720808796271,1
-2.149578915813979,-2.1057069053876836,1
-2.486036062002621,-0.26190503698870055,1
-1.1967121275967139,-1.4363956047607147,1
-1.334820401015527,0.3825176285350317,1
-2.5144839480018244,-1.6751061571485057,1
-2.044314716637853,-1.9522336404227258,1
-1.6540612905891041,-0.940048365133,1
-2.649665227554484,-2.4969818300966677,1
-1.938307518387219,-1.7802008220497647,1
-1.5626098023104344,-1.0717422411560529,1
-2.589282198241471,-1.5985338241937834,1
-2.419764595581506,-0.6927651053725005,1
-3.543703725450944,-2.696259585570051,1
-2.3556631685049423,-0.9986543690721777,1
-2.298269727631231,-2.030649207195788,1
-1.2119531397710155,1.2481517057504992,1
-2.838537682429386,-1.7916096428962751,1
-1.1283370648359834,-0.22655765184795143,1
-2.410112501761915,-2.506474168105448,1
-0.23685275967203342,-0.9652273752166675,1
-1.2556763667786612,1.4819282599443975,1
-1.275081146289253,-1.2185443785259424,1
-1.5810321242859242,-0.31165793740742787,1
-1.9956936478768859,-1.8176818013771954,1
-2.663278603305753,-1.1211507742349727,1
-1.136436190536153,0.030896058731644402,1
-1.3987433737387458,-1.3217074578160573,1
-2.8614243591432174,-2.0853398746248204,1
-1.9093587508368086,-0.9695801381444702,1
-2.0439519957323125,-0.556141997590755,1
-1.0715432168637062,-0.7473224189625645,1
-0.8728895093034977,-0.18844400620064708,1
-2.0382824405369093,-0.7116807296793559,1
-1.2039714841867195,-0.43974921142767615,1
-1.9345957383773413,-0.8084716468812975,1
-1.6692507759730788,-0.6758506535472696,1
-2.2262953294523427,0.12727704999130254,1
-0.9197367944153613,-1.6578378735882944,1
-0.014727269467286403,0.1291295487875002,1
-2.146612632006616,-1.0591662344781705,1
-2.178032917392375,-1.2751727359571365,1
-1.096847548362466,-0.09455690224228962,1
-0.778317403872063,-0.45295222808545504,1
-2.906078997240327,-1.1187682086856998,1
-2.1018287594648153,-1.653015770384479,1
-1.6542135319387021,0.03775661590245222,1
-3.027451114129214,-0.5487483132064532,1
-1.6485662313349998,0.7991444540361947,1
-2.135109162323735,-0.4650012762145213,1
-2.7930782369104716,-0.85086777581921,1
-1.4640449061566547,-1.5790252093617931,1
-2.320534046626983,-1.0373111005006315,1
-2.156899436711036,-0.7600729823049183,1
-1.4255139290834924,-1.4998961020461008,1
-1.8164255288169266,-0.8990323756588264,1
-1.8593402978971891,-0.36829141676936566,1
-0.8803727091443466,-0.7767215186531402,1
-1.2694697884130628,-0.8851321426271808,1
-2.2903841137318426,-1.6949176418478658,1
-2.043057438234165,-0.8440295441773709,1
-1.509270573781237,0.10541102450679386,1
-0.646524778542484,-1.331121138135811,1
-2.2349301564959556,-0.9855092484615603,1
-0.6572305780675883,-0.9425606605620277,1
-1.0666388209168176,-0.9371964793483322,1
-0.7549975983274102,-2.6267315586091757,1
-1.2823394159217167,-0.43135443312601796,1
-0.5252716208746505,-1.3557545660108,1
-0.5061867624674028,0.502991885121192,1
-2.063010808788551,-1.4592459345915003,1
-2.33187493394698,-1.239596129446586,1
-3.0717738347046084,2.7653835915367293,1
-2.9682558299888986,-0.7478254112412975,1
-3.1752166922423704,-0.9447444686522382,1
-0.9134891763694899,-1.867344083030715,1
-2.141526508794543,-1.1739787123863827,1
-1.4689686335921681,-0.8683820885808236,1
-2.095459626701957,-1.3585388224101318,1
0.17742217929288584,-1.2403307672951405,1
-2.172503197857505,0.2276578366675948,1
-2.9482216329205944,-2.406266363961983,1
-2.2914315019766667,0.031792653960158214,1
-0.4244892793450717,-0.5604309366680155,1
-2.2634806269413588,-2.321630680120873,1
-1.481995960896127,1.2457761413889576,0
-1.6767000019456029,-0.7854396053066939,0
-2.0454856883711514,-0.6832649357048686,0
0.5516917606877538,-0.6082103648962636,0
-0.31230776608307537,0.4054425034465914,0
-2.513834139222075,1.7007866611417959,0
-2.461568190816526,-0.6257523398110022,0
0.4862003896598227,-2.2293174478289726,0
-0.45932265284803275,-1.9623628315882804,0
0.3709212913673339,-0.037262203607368524,0
0.055244519473731844,0.5241866367388256,0
-0.1797609328705779,0.06589340453671949,0
-2.658438246645511,6.514748170556204,0
-2.82474553920644,2.86802502711941,0
-2.9997215759104887,-1.693412090635411,0
-2.3620536940597296,-0.14467758890120452,0
-2.412237152365426,2.8044396082623875,0
-0.8585849963672997,0.36236744175855323,0
-1.950672692725023,-1.1664816333102201,0
-0.6027826127265059,0.06575654093793509,0
-2.5428333736261473,0.20102495311117807,0
-0.7568138501966686,0.08378361906064613,0
5.527004725525632,-0.8178274823935552,0
-1.4723224499080028,-0.4002902880429458,0
-1.3014237617397437,7.887138952426901,0
-1.4719423824338291,-0.9808119372511138,0
-1.4376922595416397,8.576915243723665,0
-2.7954012343246415,-0.19823908145291508,0
0.060362998308578046,0.9654617947466368,0
-0.8346816679274437,6.701001965209449,0
-2.244508281184985,-0.1611450379523063,0
-1.7199359958511147,-0.25023119469401967,0
0.600359868424531,-0.76704442608468,0
-0.4140057215206764,0.825385387049691,0
-1.1731033050018078,1.3207154010712814,0
-1.2900628032434938,0.8242708171143807,0
-0.5025183213895386,1.152449885853458,0
-1.6246052954568233,1.3822770962012159,0
7.607080108707005,-0.1420100786587991,0
2.0516079023822034,2.583267216624215,0
7.387953475420112,-1.4308735857832853,0
-1.3189070697663057,-1.796508072160952,0
-0.20080604267609725,1.2851066473603092,0
5.173369213569498,-0.8854110555099006,0
-1.2873805739898498,-0.8723025235695254,0
-1.354272345063271,-0.6808417692471606,0
-1.309645922648538,-0.7757230752542049,0
-1.411357100195326,-1.1629005093243425,0
-1.411357100195326,-1.1629005093243425,0
-1.3535393658607204,0.14005093838813285,0
-1.0792257981250892,0.028432668112442157,0
-0.06576445739415317,2.7523778934479197,0
7.381429411017656,-1.5273575585775707,0
-1.6819037279988935,-0.14860742594116666,0
-0.8292927162138299,-0.8774796015369907,0
-1.4649177474412258,1.021542907375502,0
-1.47796191289416,0.9730085239285119,0
-2.1312412451870344,-0.7385572103510021,0
-2.6400283313936534,7.80679477937903,0
-1.66684700209005,0.2745857843456244,0
-0.2822973321055355,-0.52982576991544,0
-1.1953073323200103,0.229218594767405,0
-2.7361602553114373,2.9000544765226466,0
-2.4676576498795697,-0.5386276267004773,0
-1.2940413683077254,0.9476869780152635,0
-2.7361602553114373,2.9000544765226466,0
-1.7294665816771626,2.0339618177901055,0
-2.11331311683897,-0.5904430594013909,0
-1.6586585067072572,2.86750665669943,0
-0.38970053500338614,3.9461362132172164,0
-1.6084982180032783,-0.39358617058780637,0
9.837942009799367,0.8617827362309567,0
-0.7094112427588382,4.688119390183519,0
0.33086327912658664,3.038527867836588,0
-1.2227548425462995,-0.5460461876804443,0
16.138633894807132,-1.9668854730005458,0
7.087240467710233,0.4383573404179549,0
1.553763278778296,0.3272184702492267,0
-1.8458735448041248,2.007565219156249,0
-0.4346768053593737,4.275144364371786,0
-2.0339686930021816,-0.7960921771779786,0
-2.2857721228699024,-0.5780993263769023,0
-2.0211346474351832,-0.45380528879338794,0
0.007105920485570302,1.841457504179495,0
-1.3703706001402618,-0.6926995165859607,0
-0.39776479525847674,5.622731592921816,0
-0.02361264309470166,5.1349609712081055,0
-1.5770960869427872,0.8653729682169831,0
1.4631480041761717,3.284527874523442,0
0.4080347441253942,1.1929439072891626,0
-0.7650853031394348,0.9825572634588224,0
10.199667444337647,-2.264125530741242,0
-0.839964377588877,-0.4088738999581926,0
-0.3973557860653335,0.5240558805861315,0
9.949633479846902,-2.0480859492290415,0
0.1979444320738151,-0.7144018706816898,0
17.953821854678466,-2.227969808555514,0
-1.0814395584820562,3.9053572793030753,0
12.109762784434428,-1.0863279831485109,0
-1.3491619556650953,1.4765299209739708,0
-1.6705390397354887,0.7492525661681068,0
-1.6845044579684547,1.1267725790438377,0
-2.355558077520407,-0.2928139825914872,0
-1.2213118066413655,17.11681903976588,0
-0.6724465278533118,14.495633445083886,0
-2.198360954940352,8.627384349924384,0
-1.1739460285013996,1.078200950504536,0
-0.092483856659478,1.1664469273561864,0
-1.3249495043857529,0.9060959904494817,0
6.20490101818916,-1.451450051324555,0
-2.234078629658187,2.19734167379639,0
-1.7759374658013014,-0.561545888142784,0
-1.7643567224148387,-0.08626106208329437,0
-0.4234054904971937,-0.5432212768727214,0
-1.4929798714100109,-0.02479925275097982,0
5.3250440715744665,0.8448367804638193,0
0.7694176617850805,1.3320373381380528,0
4.101613048166856,-2.0725779193847558,0
-1.7655516763554655,-0.0832101738728693,0
0.03318311101094339,3.8069656536075294,0
1.3387088021456595,-0.1697301412117725,0
-2.6024738475376035,-1.3485903844746947,0
-0.39759771969499863,12.148727263906995,0
-0.834981563264199,-1.0364338467561092,0
0.35326328731857193,3.5147650688385896,0
-0.3564899090646671,3.3156885270332883,0
-1.9939659584275577,-1.8095855670156948,0
-1.4228790061008991,1.5273822532476893,0
4.450414464869057,-0.24524716758667917,0
-0.6917747236876235,0.3450781332776462,0
0.49897741433587806,0.05863858576436637,0
2.7420393961954193,1.1532362820576403,0
-2.2738000602742328,-0.511398921991424,0
-0.34776093850738016,0.5963875830827934,0
-1.4175890198233774,-1.6201132147000064,0
2.201236516082911,-1.5347529054865938,0
-1.3863649480362426,2.075709977487665,0
0.4936649566563646,5.214023186569257,0
0.6626699777227213,-0.2813163458261294,0
-0.9464919840299166,0.5780296234859558,0
4.258174559170404,-0.8209360833985818,0
-0.7506840851368487,0.5114037078385713,0
-1.8613448539158806,1.1931834008969582,0
-0.931043409191403,0.8644106315767981,0
0.5842110009081968,0.8230635281388474,0
-1.3798630705880035,-1.1716848184422595,0
10.965662688052845,0.7687996473598381,0
-1.195836041538337,2.0501186081537357,0
0.2685465640883384,-0.6554933012663349,0
-0.331939701662769,1.710885202987181,0
-1.6707904792600266,-1.0000584255791467,0
-1.3312669619306468,1.7986722930968475,0
4.799155589439393,-0.4922252819383837,0
-2.348212484150511,1.1680980892400405,0
-0.6114948842210184,1.3782093998026415,0
3.3293702395434472,-1.0788229966950666,0
-0.8860018027231976,0.948597013341894,0
-1.0765963037095976,-0.6699352117804167,0
-1.9397788086508527,1.4075564488439076,0
-0.903203442239522,0.9566902099146936,0
-1.6652444555130592,-0.5692117676932535,0
11.021011960535716,-1.874905183553914,0
1.1881915695296847,5.138184854930934,0
-0.3666064874334773,5.329914598864838,0
-2.101078376113212,2.538009335376574,0
-2.390084005939794,0.4511297391237124,0
-1.7028269191943664,0.8137608678046682,0
-1.8624695196319807,0.8252024518897884,0
-2.291947626543935,2.2932096152081725,0
0.26377011280226154,0.29715690652724686,0
7.367857103213603,-0.6832983767726925,0
4.812860936107817,1.8152952952673227,0
-0.27444083636771366,-0.7852366328358221,0
-0.44760533459351376,-0.6558757864396254,0
9.340871247749684,-0.28767171930020935,0
7.046788771554735,-0.5086380139376331,0
4.913643554117209,0.6412984390125129,0
-0.6057341520571641,1.0608641761814523,0
-2.830107741906307,6.870161527938097,0
-2.590581227319998,1.2924911895011624,0
-1.1020108004038245,3.257993121204278,0
-0.9594100512697155,-0.7444735502617899,0
-2.760297738807307,1.958303894721024,0
-1.4906582242904705,-0.7863570685264408,0
-0.9290436445798252,-0.6456452201540797,0
-2.1045973648105365,0.39085367153918393,0
-2.0212109695925777,1.766313421638313,0
0.14200045947998916,0.659268034320378,0
10.386449308612688,-2.3252479131939268,0
-1.3331944975970298,7.749913038021335,0
13.700197119071415,-2.318640395731424,0
2.433302043078094,0.862170759891313,0
-1.5202763075505925,5.596237273587212,0
-1.4666880598262944,3.8412371667050476,0
-2.89329589915918,3.224728476497977,0
-2.571835959685453,1.890322848654233,0
-1.3255667594198648,1.3988337393439632,0
-0.44420601152520434,1.0809946510249437,0
2.112085092777278,-1.7808938147635043,0
0.2139396212737952,-1.6524844228635063,0
0.5808878577060786,-2.984605194456617,0
-1.6431473206502172,-1.4308301617055794,0
0.5557091519353294,-1.4851861006374183,0
-1.6746807686554803,1.7048564418290746,0
6.940828488324227,-1.253669326877998,0
2.410651371344772,-1.6396545810681855,0
7.140878781447663,-0.9803392109235195,0
7.567173767066827,-1.4971885745170885,0
13.399302410420464,-0.424833709157776,0
-1.4252877784685316,1.940329128234352,0
6.53324381487369,-0.000279973134868145,0
0.8105773957786163,-1.3463854364520254,0
-1.2054944486351722,0.3502459783086997,0
13.608109455527417,-1.7191866504993891,0
10.39747283724454,-0.6210003889149016,0
-0.859378725913028,-0.15963352782445653,0
-0.7996526419700122,0.1028065021369003,0
-1.1332395316754948,-0.07954776641442311,0
-0.7394032851315698,-0.5155285156837394,0
1.2446839550375184,-0.3792136767488719,0
7.202174900393272,-0.11788615189834425,0
0.9179226310275318,0.20393484582251195,0
6.829264697910069,-0.14544974277368422,0
1.3613750656665509,0.35309073040820504,0
-1.9535162756602356,-0.11323716142195245,0
-1.683606332487766,0.8917024161929066,0
0.4851952136231931,1.132853523717242,0
0.06969005799824603,0.7112893313851338,0
1.2214240365115068,-0.22572916941985435,0
7.725804217372668,-0.23861285474516006,0
1.2972346019229057,-0.16405327340131484,0
-2.7408431439235654,4.707804882568288,0
-1.4148339959961556,-1.619725292967846,0
3.1925377840212072,-1.2108256982515673,0
-1.7366625776123,2.2280790675647357,0
5.2070437097434175,0.18036799456333275,0
0.9877078176051449,0.06366707612011567,0
7.36901434321287,-0.7552669071829837,0
5.605612781336807,-1.0110766723813962,0
5.113337741248932,-0.8732869776953948,0
-0.24043936356971637,0.5497587511367672,0
0.06380356170570668,-0.02303433268104438,0
0.6407588680815189,-0.7343621826525953,0
4.058425001470507,1.1955703055273135,0
-0.3910325805897404,13.939588930189192,0
5.917622911757476,0.2960129758488765,0
2.8112168859568873,-0.3164428756742777,0
-0.4317058404660314,1.8011060651020432,0
-0.3464915057469509,0.8381656698417925,0
5.599348824989035,1.2643732392844809,0
2.815303543577109,-0.21025063194228472,0
-0.5087862079641076,1.3192572511725695,0
-1.2064321605065,7.647263410376359,0
1.415003588528031,1.3658479500730107,0
1.3251920041993868,-0.15074727947484012,0
7.383733470870338,-1.2738914822023852,0
5.389989414239548,-0.5062030502446154,0
0.6172081036411101,1.2292516689283384,0
5.470387113092031,-0.1252854251365782,0
4.216246263436929,0.9572212038973792,0
5.211452087742838,-0.9771176864233431,0
4.437931855359661,-0.07982503256216691,0
2.2142308469114687,1.990095576077784,0
7.208830974835881,-0.047653359656728844,0
4.306213610190415,1.6089834141206172,0
6.869460197281765,0.07490689287276249,0
-0.4246412413485299,0.9826876498106043,0
6.14124966715503,-1.1238045681476838,0
0.618066287790253,1.5306995009257007,0
-1.3973391669758806,-1.1668103887563885,0
1.345756109249287,-0.1534452001376583,0
0.39823949568897815,-0.32390077534478545,0
0.3229512278792614,-0.5848495542969571,0
2.4427181659498367,-0.07549193153448815,0
-2.5271967779809246,1.8898693204139076,0
6.067194675855645,-0.8977992949552249,0
8.43604133550838,0.23098715746683174,0
5.308281118166277,-0.99730455330645,0
0.46445726495037576,1.1791866475043058,0
4.970705097034593,-0.8849998603495678,0
5.061320662198025,1.556825068836992,0
-2.1183771505133238,-0.16090005065122034,0
5.617330006579264,-0.07257821230466602,0
0.37708952137419016,-0.6288668836368783,0
2.574856589769228,1.037343518883452,0
0.7232778691165707,2.9797020327544717,0
3.0722709185427846,0.9695577806867384,0
3.076920897266188,-1.106143155555354,0
9.157917130518465,0.6843916235510767,0
-1.522579745971944,-1.0255796700709363,0
-0.8683247913821655,1.3965178381530474,0
1.411380537601351,1.0065098914841102,0
-1.8397433890065562,2.0607993401172218,0
5.4219850862858,-0.3120941993898288,0
8.621337090760653,-0.5043307911422962,0
-0.7934830143344112,-0.6113029907216652,0
1.192183398689971,-0.14699354376217796,0
-0.237867065324849,0.9819562901766934,0
-0.8310918301895371,15.253267052489141,0
7.387030523855804,-1.4445230576658186,0
-0.09182696660294819,0.8053229476075527,0
-1.4935619472704549,-0.09354514626882138,0
5.141004979132064,-1.1669176753766222,0
-0.3432094562546343,-0.6662013519716956,0
1.9125798525261317,0.042479473438239906,0
0.7431201741603675,1.539183780398424,0
0.29533518346169835,0.41087782236471637,0
1.756619649404763,1.190306252518882,0
6.946444886009524,0.1448308084426539,0
-1.6877149678768828,-0.4839399473146626,0
0.5513529058779242,1.6977660933187027,0
0.7561559660758271,0.8986575245067953,0
1.242797135850803,0.5283639937423464,0
4.602681812712157,1.7701431023198673,0
4.656883465495823,1.0739886407527615,0
5.829062407838498,-1.2784134640712532,0
0.24447967810484564,0.6449538242867078,0
0.7213396186848844,0.13001977682773963,0
-0.41787017942891647,-0.6090382260113798,0
4.29042118935707,1.9431291877736518,0
0.5014958415156237,-0.44304038386859285,0
3.655834531428214,-0.7381066342234196,0
-0.1769879911475884,-0.019835849526964794,0
0.5789987313296626,0.4396274986904539,0
8.826109761127427,0.5978364396967716,0
-0.49037731356991776,0.08071126855397004,0
2.523057045197335,-1.5949557635096427,0
7.552821524004568,-0.192680039543325,0
4.2309243864909805,-0.7678056076540168,0
1.3219118362492843,3.2353695178623436,0
0.5656479401261184,6.033027142025389,0
0.4599124283524771,1.1681918857919333,0
2.6417718007446083,0.842112072743644,0
0.3408200265358925,-0.022210712587775665,0
4.278728875228745,1.5977913539187936,0
5.624867161321681,0.4597636753612934,0
3.6868387444953803,-0.33941112168333715,0
-0.590250003209852,0.19042956033532732,0
1.6424104881437198,0.5447160974958876,0
-0.08250364535719823,0.2953167342134508,0
3.4282478334727413,0.5259413489670421,0
0.27509020169572684,-1.45078025950703,0
2.29803629290071,-0.08098804931604968,0
-0.7513249035458496,-0.10515868823958045,0
2.2838449890648063,-1.9826066989056363,0
6.110594978242591,-1.0100776614619729,0
-1.3431902151773,0.8788370924273254,0
5.069548597105694,0.21060519533351688,0
-0.26766914413131,0.8773940551644477,0
1.1794219206542358,0.09925804240505903,0
2.837380815445062,-0.9774170492572424,0
0.5520223276927062,0.34961066289435627,0
1.2774671648439777,-0.1437083046088906,0
11.438385961919304,0.08675258939011213,0
-0.095783328057491,-0.16629321211250753,0
-0.45548245595668774,4.413746171260319,0
3.401883094582863,0.7645365436568354,0
3.8551338277931597,-0.6191775653559021,0
-0.517492996123481,-0.7808121955574044,0
-1.3830722631873429,-1.1707897110151368,0
-0.7818524735477496,0.14613641437530678,0
-1.7824471818955407,1.8551996283944598,0
-0.7030240322669092,14.641660743927101,0
-0.40587940294159924,0.041328000061105076,0
7.251873346213967,-0.21402139834182837,0
-2.5603146779826984,1.453509611735503,0
-0.5597276768805455,-0.7894794274157825,0
4.478324929403577,-0.5540775506280496,0
3.2800689965113956,-0.23075913165428116,0
-0.9606651773133079,-0.15416437957183454,0
-0.10076074309389427,1.6597016388283798,0
6.170838171488925,0.025178413625439898,0
-1.155845660082451,1.9002739516017724,0
1.0980435522633523,-0.07252774698151325,0
5.127250656737928,1.219605667427062,0
0.4084503315811801,-1.6124904411468146,0
-1.6055037477957925,-0.0876709276168113,0
-0.9946512124710577,-0.07550653419569954,0
1.0741071870785506,0.27568615174196054,0
1.2347076669333112,0.181677708454574,0
4.652252444511348,-0.16295481874632317,0
1.311823336915783,-0.16991554414368093,0
3.112160965795853,6.127949587318668,0
-1.1272374374422576,-0.10339887615481236,0
2.478823282872306,0.7188513575093524,0
0.4995359029953989,5.213382112826025,0
0.021860286532451527,-0.22036196670424682,0
-0.7910396177134967,1.1567265754077372,0
0.3747180065146808,-0.9015245609995898,0
0.02392821358987457,0.3902393035661583,0
0.747045827299634,-0.016027164693676557,0
0.245588119319496,0.645237788047258,0
-0.3042340361430576,3.2082476743462416,0
6.746785447149094,0.2800137244173362,0
1.9741916103045454,1.58655987205874,0
3.267423370320183,4.8802220133905685,0
9.539448685398153,0.7839178454654315,0
-0.04129987483196015,0.5018305513761739,0
-1.8694062687910589,-0.1620437525527178,0
2.2781408343978597,0.9964468963039494,0
1.11310865866671,-0.6723580861345948,0
4.1627893030747884,1.8407004663135893,0
1.8403567254957385,-0.5416834932102067,0
-0.6806103776123661,1.0110208543592705,0
0.8962040445215369,-1.155612745333154,0
-0.8053588296125621,0.005987789803710927,0
6.577572009353252,-1.4449683000200806,0
2.7272382262417967,0.5629031535881514,0
6.851815654693908,-1.4053759779158805,0
1.0564418325432858,0.03296497702650155,0
2.953041025082858,0.568602447670217,0
1.2793216936085114,-0.3020422038666461,0
-0.022045417066943795,-0.9318440186091939,0
5.21782956776877,0.7917929427481704,0
1.3451942884885684,0.3052443234107451,0
-0.7766949128885635,0.9202601691465581,0
2.9881564570459154,-0.23255306332395959,0
5.548450044615484,-0.3100189606599695,0
-1.4099482115815962,-0.5553783113965175,0
4.4421614331104164,0.4341271269241585,0
-0.7133413051847984,-0.11453223081359369,0
6.176667934723843,0.13561924330325473,0
1.033317986087837,-0.19292619599287078,0
7.432373454121317,-0.13175594676781088,0
-0.8177730604191895,2.16872066540086,0
3.5381689864592283,1.6466870065414316,0
9.680821629167312,-1.2635653384369265,0
-1.0349546371029648,0.03603304048666802,0
3.208643173714924,-0.826158891774017,0
6.10737521783993,0.42845602608904504,0
4.596883913497297,-0.7570158575447207,0
4.604569067428344,-1.1920754917380605,0
5.278814053622986,0.8219647110817336,0
4.69870954198464,1.7851608418932778,0
3.0813511207658735,1.8880318896019423,0
0.4329719532688161,-0.3598098937688026,0
-0.5937731399867177,0.9771803215473206,0
0.9333917657594574,0.4797806833215297,0
2.7359162415676783,-0.989560518683013,0
0.5011849082603225,3.532845475802661,0
0.6493251869659352,1.893917894082323,0
2.113541941183748,-0.14348002275011507,0
3.1237301334090173,-0.11150122103656958,0
8.23615827290641,-1.6352404414552908,0
-1.6018403785092898,1.968553351731648,0
1.273461501825136,-0.3150984728366474,0
6.131399266757142,-0.26317296963340187,0
1.8939472191724587,-0.29215928685161285,0
3.2844259771850135,-0.3579742594231808,0
7.1425307238433815,-0.9773686671816189,0
-2.5808913559819855,1.3440414265999727,0
6.9584994307685575,-0.04348951624741971,0
7.298416805766363,-1.4283386545759051,0
6.522114694726486,-0.7395336897373089,0
4.505357018390204,1.9434308015509993,0
-0.7713134729036825,0.6154803053879547,0
6.096424008920051,-1.4567402762945698,0
4.345643674985071,1.7460859879532404,0
-0.1786413594216839,0.06807672807012304,0
9.968186112387547,-0.9854626006916705,0
-1.8475936669677975,0.7864834871660356,0
1.6030597043836055,0.9163795065832029,0
-0.935864064706481,1.6338057922853366,0
3.6484279733329736,1.4131129892136867,0
0.696056626485962,-0.07472588414980004,0
3.8035698158951976,-0.48100817753466496,0
11.211002223699252,-0.15331122884829787,0
6.370201872702965,-0.14789305947486248,0
0.9923830405586854,1.411284813842979,0
6.169534654802528,-1.455276019768354,0
2.04933179864145,-0.5467085295940332,0
-2.3280239780984666,2.658936751141857,0
0.3014757292027651,-0.8481556340404104,0
6.74082395109058,-1.3047597047868857,0
1.0487862830446961,0.5206632257479497,0
3.897631934399424,-0.18355255287051048,0
8.864778830866081,-0.24767358978012602,0
6.327775657935056,-0.36281459673873423,0
-0.5868923874077269,-1.0516063810597795,0
9.572400588177988,0.6132937288360105,0
4.352605212195499,-0.15191506976830801,0
6.632247228776097,-0.14361566190407635,0
0.4046263257307287,3.0545536160926807,0
1.6667503235887935,1.3317027474015848,0
2.2036174155303687,2.620369803522254,0
-0.24574894663650118,-0.04766541521132234,0
0.5303846426818529,-0.9005433193162901,0
4.1905235197745085,1.7218145303387278,0
0.571588258606964,-1.181005423126337,0
7.0080628126020175,-0.4703031956022656,0
-2.636223387476055,1.4715493722275639,0
0.09934365382589913,-0.32563958951944777,0
1.2723671613958663,-0.2854508588695793,0
-0.2349126503507438,-0.8874121914667996,0
2.5642315743149267,-0.443091015406507,0
6.885141664354721,-0.27952807533536095,0
4.108884442096655,0.7373584225023632,0
-1.073015853556527,0.7199020759131587,0
-0.4189757232879349,1.5737339052933004,0
-1.6365916181534654,-0.5267575478115314,0
-0.33356664072555425,3.8124644018960034,0
-1.044408577037334,-0.03664430491499314,0
0.1907174438706004,5.199142392115269,0
-0.6676058599042428,0.6541753346233801,0
1.0297089102308703,-0.014665600583757309,0
5.8544510774508955,1.1895694612043042,0
3.268579813139086,5.385196703032918,0
6.528454713766848,-0.6391126239688513,0
6.834854885868446,-0.486750852212814,0
2.6269865065511464,-0.5752851976252666,0
5.799138593619068,0.7448887805703531,0
5.5538377339037925,1.471159646918987,0
10.027257708134723,-2.043097311525988,0
-0.1772787133662638,3.728266722190586,0
3.783879882143923,1.5942421747802213,0
1.2672121259834723,0.319104011183608,0
-0.26345740828295,0.8461940553706433,0
-0.48235626010268967,4.943710770567952,0
7.527230472914024,-0.052863112200963264,0
1.1599535785225885,0.2857279679084117,0
3.354431545603317,1.190222564514272,0
1.3794963227258867,-0.8608844560100882,0
1.9167519374888569,1.1931323031021088,0
7.198530524817758,-0.06271451195007713,0
3.0155465955787757,0.04028352829351903,0
-0.6938541049635615,-0.5847545374320998,0
0.6591445242537692,5.1959537647584835,0
7.444182125555739,-0.05253391595873627,0
-1.9575254205159418,2.4741541294398215,0
4.365938804707662,0.5746706290868845,0
4.501394015528543,-1.547392882256541,0
6.811031364563587,-1.066475316112788,0
-1.095903497133118,4.5938328890509,0
-0.021508839292218702,3.361709605605143,0
4.573675267827427,-0.5822154572993943,0
2.777716297083263,-0.9956096374523203,0
1.4509752539514287,0.08969555506812464,0
0.9360358978005685,1.0483861666130876,0
6.466359223344786,-0.2842851982395051,0
-0.025039584878745993,2.102683072002867,0
7.121561224625302,0.22501964437064412,0
-0.8785139237685137,1.145913540369322,0
1.393393485757128,0.6678399022370457,0
-1.0648299124736595,1.2785509641069255,0
0.08315543072893343,6.5121705296144,0
2.98641877246615,-1.3324612674483962,0
6.787574933023866,-1.2735352921889673,0
7.650431431568579,-0.17606321857693277,0
-0.9660530340648567,-0.20091973433322577,0
-1.2742856573578158,0.6423937369451135,0
-2.793748554610067,3.5477151318869704,0
-0.2091293977839783,1.541991112113631,0
-0.20864438733352686,7.183243671604195,0
6.14016894110992,0.28942516904854754,0
-1.154575579483058,0.9281842926476181,0
3.9612328640275862,0.011558474734956992,0
0.17327901506165114,0.7462703274491111,0
-0.4216854995067374,0.7299600471033945,0
3.203634666073361,0.9403430820742487,0
0.9030299595840756,-0.9016798038832079,0
-1.411357100195326,-1.1629005093243425,0
-2.7476883617411643,2.8355888422435775,0
4.217184157817244,5.112098402181323,0
6.798458323675542,-0.14358068274090788,0
1.2028064052955987,0.6490571095473932,0
3.574791011050557,-1.18535886600585,0
2.5209138276141387,0.9186063769387344,0
4.332371392316606,1.660071807913967,0
3.9268485163262823,0.540998270953424,0
0.34026472914767636,1.147576245511694,0
-1.1821012975129446,2.0671293490940057,0
-1.1669324875871878,1.531124990382966,0
7.419570497999575,-0.5662868234914338,0
6.727294586311667,-0.3132659953516253,0
1.3704537242856976,-0.7309478961162198,0
6.1265806367723235,0.0841606436496673,0
4.304051545648856,-1.211289339909813,0
6.02141642756735,0.0723109892681133,0
0.0066400296537670244,-0.6396713467104794,0
4.031529725021288,0.551970052885796,0
-1.068125118628066,-0.46306145432936563,0
4.503129109146918,-0.14803895173743528,0
7.444918637943169,-0.16036681718130502,0
-1.1882634394709886,0.3467243597910499,0
5.6583168891756594,0.5660878586549325,0
6.143926365760185,-1.414893725890767,0
5.094903660598281,-0.24090826211253047,0
1.7675140958172697,-0.23423400965403207,0
-1.2782889432187832,-0.05476256150287838,0
1.1998626985194536,0.5950940065538232,0
3.488764459689544,-0.7752941046970655,0
-0.38679391521945505,0.7925163826742139,0
-1.1547241340492707,-0.3805501808843949,0
6.110601370451373,0.18059733806299882,0
-0.8799600437149662,-0.3834394561390707,0
-0.750362140632388,0.12816544624502194,0
-2.078440201644364,-0.4809869134134461,0
-0.33857788198721867,6.021532076274905,0
3.2451490842092996,1.6279279512694709,0
3.119178849610985,1.9415695319912525,0
-0.6833904067630346,0.643518900788427,0
-0.7415860305053574,0.25762408024117867,0
0.9464010782472436,0.9930878357830363,0
5.583530669657345,0.7365938713707422,0
7.280669392778618,-1.0823917487786083,0
-0.32896195430009273,1.4370879594191037,0
-1.420541457101718,-0.34981564517284774,0
-0.16344941624134726,1.0072161547293306,0
6.158195917280332,0.18746214573200692,0
1.5408672170405644,0.5259001026188114,0
3.6494654642055084,-0.35573817486729753,0
2.0328037254861,1.1794334039580854,0
7.081018363147069,-1.1881207275103298,0
3.045302814322973,1.9947551151494434,0
-0.6760795556019303,0.25843728272973465,0
3.254686225461387,-0.6376531187264934,0
3.880174099339342,1.7367880227668955,0
5.782704782598886,-0.7607617553283971,0
7.261479001162507,-1.314366668204298,0
7.199685472533934,-1.3562593439273067,0
6.305686611733032,-0.10687734606873771,0
-0.2994908748974358,2.1834023158864446,0
-0.708959281711799,-0.5406884091772225,0
2.1502534131222553,-0.2453617603667944,0
1.9563791781332682,0.3212370677794324,0
0.5903427310841036,0.9260122564902415,0
-0.7326167516583328,0.9938387665130065,0
1.6411954445977162,0.11543171366321944,0
7.378663288916893,-0.12080758766816699,0
7.305443113912206,-1.423919400395789,0
0.09562004678852642,3.616779660613159,0
0.4035338991426564,0.22856397399118225,0
4.147641329099668,-1.7046016416601093,0
4.056987171629296,-0.37659026925877886,0
3.5863666702254915,0.5622160781420767,0
5.353399143708961,0.8135567196565627,0
4.332779585636111,-0.2622217569806678,0
0.10301568447741635,2.9274534674767008,0
6.358994694358567,-0.5969476839215536,0
6.414570891473491,-0.4061899278301832,0
3.9750833186805306,1.6160931158606797,0
0.56545658272771,2.8719637550581374,0
2.488188683602571,0.48704789136410137,0
-1.411357100195326,-1.1629005093243425,0
-1.988833986624406,-0.8123827375740258,0
-0.9786252894142423,0.0457035349608839,0
-2.824875094093334,2.964719682416615,0
1.688172948229732,-0.7764428942494109,0
-1.7096419387564308,-0.24666117236738705,0
5.955896803607543,-1.4910111408692432,0
5.145657432023647,2.059337741106309,0
6.39406022906417,-0.011360902555538465,0
1.5232933609415256,0.08886295089057901,0
3.235480146798778,1.5816364798025888,0
1.2606991240379617,-1.6782072632134242,0
-2.0362135697526287,-0.38029453694814436,0
3.3228812196925306,-0.797780507702434,0
-2.0944208799596686,-0.507444932063448,0
0.039701605338048514,0.1925451255568214,0
7.209151893724908,-1.1048334821295773,0
3.428436851728236,-0.7306034464181727,0
-0.7274981159893908,-0.11814380202405039,0
7.090036976743684,0.4271793846281358,0
-0.4198248033187243,4.537469282068911,0
-0.22789410705163754,0.010529593489751436,0
6.8855659780851415,-1.4511530356126778,0
